s,기준년코드,기준분기코드,남성유동인구수,여성유동인구수,연령대10유동인구수,연령대20유동인구수,연령대30유동인구수,연령대40유동인구수,연령대50유동인구수,연령대60이상유동인구수,월요일유동인구수,화요일유동인구수,수요일유동인구수,목요일유동인구수,금요일유동인구수,토요일유동인구수,일요일유동인구수
강남구,2015,1,28527885,22510388,1280827,9123611,16134829,12534368,7702035,4262589,9664886,9833885,8583356,8041278,7209787,4484551,3220609
강남구,2015,2,27000461,21258145,1237760,8726664,15226762,11890095,7286639,3890725,7630899,7928270,8423069,8499332,8475939,4589585,2711576
강남구,2015,3,22577741,18417998,1330988,7552669,12311315,10025505,6334584,3440771,6622230,6947741,7038161,7300680,7050188,3794823,2241935
강남구,2015,4,25833557,21492554,1575485,9105353,14082086,11251406,7252714,4059019,7915534,8243437,8066847,7866185,7734546,4670079,2829495
강남구,2016,1,20460906,17059195,1040994,6994614,11328973,9094048,5716477,3345023,6124667,5992776,6364651,6735427,6627015,3628913,2046711
강남구,2016,2,18533276,16289719,1108512,6832723,10467530,8277368,5104641,3032233,5646396,5673189,5929323,6192207,5902164,3434334,2045433
강남구,2016,3,17649327,16148654,1417814,6678820,9688420,7961041,4970428,3081504,5595277,5837728,5601492,5667469,5867503,3263170,1965415
강남구,2016,4,16365183,15073553,1306970,6257157,9036989,7305181,4642323,2890144,4943575,5276607,5315268,5328033,5541346,3178107,1855787
강남구,2017,1,20626560,19341274,2028091,12483980,11237558,7103986,4280380,2833923,5662128,6050448,6659173,6673154,6249823,4912004,3761175
강남구,2017,2,19994115,18608658,1696521,11599492,10879163,7022453,4287786,3117369,5728470,5799705,6191521,6200076,6236365,4731905,3714760
강남구,2017,3,24327868,23078889,2517802,14395296,12735342,8528112,5292524,3937776,7102171,7299402,7478899,7570265,7630483,5773809,4551753
강남구,2017,4,20942877,19391999,1843877,11990061,11061243,7355129,4640189,3444412,5700341,6307144,6117976,6359457,6650826,5320944,3878203
강남구,2018,1,21683218,20215991,2301691,12725129,11124808,7510133,4726846,3510614,6288097,6737998,6809547,6264235,6523885,5208989,4066449
강남구,2018,2,21796067,20470268,2002826,12580548,11350789,7661515,4914963,3755741,6208622,6354228,6344430,6791214,6967264,5424239,4176403
강남구,2018,3,21924556,20671340,2480379,12827058,11048324,7633570,4891563,3715019,6170809,6536817,6478662,6854542,7012032,5433259,4109791
강남구,2018,4,22229940,20674568,2128799,12303532,11357024,7814980,5217339,4082868,6346622,6326847,6619716,6791056,7003504,5559166,4257591
강남구,2019,1,39342998,40914739,9030902,15903574,18259156,14523019,9483601,13057489,11825417,11830739,12180134,12591077,12437613,10284614,9108136
강남구,2019,2,38101271,39995892,8601303,15374869,18187893,14392718,9195018,12345365,11467351,12049483,11976555,11901741,12058981,9865096,8777945
강남구,2019,3,38921141,40904303,9338080,16057187,18380177,14717408,9313152,12019455,12140875,12535576,12478003,11925490,11901561,9870406,8973543
강남구,2019,4,39660118,41809442,9076443,16114711,19034383,15151967,9720016,12372016,12351492,12575740,12087322,12180084,12592026,10428098,9254774
강동구,2015,1,7906515,8070719,855582,2211517,3677535,3645067,3579868,2007667,2795971,2758952,2435143,2313633,2097879,1879575,1696108
강동구,2015,2,7522841,7770787,820933,2050104,3471797,3528701,3513105,1909024,2324804,2288734,2363607,2365571,2496791,1989573,1464607
강동구,2015,3,6330969,6594914,668902,1653794,2801657,3006641,3114135,1680758,1989249,2009791,1981281,2042324,2111773,1614218,1177290
강동구,2015,4,6011838,6404331,666386,1552282,2670260,2885312,3025812,1616114,1950993,1950434,1903665,1896174,1947210,1600532,1167132
강동구,2016,1,5320634,5705514,493927,1318598,2367111,2536388,2695864,1614252,1697360,1634273,1702398,1762625,1807422,1415515,1006555
강동구,2016,2,4518849,5142538,441009,1111087,2066943,2229570,2388920,1423850,1493399,1393832,1501973,1582265,1566731,1232274,890924
강동구,2016,3,4563972,5191834,539979,1189142,2022987,2221628,2318049,1464000,1545530,1554372,1503469,1484919,1581599,1217406,868525
강동구,2016,4,4258564,4951067,550405,1105005,1895817,2083939,2174540,1399943,1407051,1420830,1422079,1412592,1522381,1198775,825942
강동구,2017,1,7593392,7798774,1249904,3327801,3259047,2772707,2801576,1981177,2044148,2067425,2290051,2296460,2240110,2317846,2136204
강동구,2017,2,7620063,7760459,1135532,3226675,3227921,2781979,2819212,2189162,2110945,2133982,2191988,2136060,2242129,2309990,2255488
강동구,2017,3,8718680,8801618,1375756,3694568,3513239,3143465,3226441,2566848,2436224,2437683,2465196,2483907,2552250,2546365,2598716
강동구,2017,4,7988948,7814922,1141776,3292040,3210845,2884271,2948322,2326677,2181809,2221086,2170725,2194017,2351919,2430086,2254310
강동구,2018,1,8164785,8037313,1209914,3450414,3185840,2906888,3013919,2435139,2291032,2309669,2353534,2209698,2313859,2362675,2361679
강동구,2018,2,8649493,8703383,1152221,3665474,3450402,3117910,3241205,2725694,2375978,2394586,2446083,2445836,2572394,2649218,2468816
강동구,2018,3,8857982,8756855,1231141,3813271,3471496,3058844,3257246,2782841,2428796,2477742,2491933,2486342,2609941,2615551,2504550
강동구,2018,4,8411047,8214796,1081572,3457884,3247984,2896707,3171378,2770360,2327334,2313947,2323978,2299419,2443876,2508934,2408366
강동구,2019,1,25122334,28390975,8182106,6824553,8152355,8169307,8517229,13667781,7554467,7515874,7544007,7532870,7593194,7836322,7936579
강동구,2019,2,23456549,26856476,7603982,6296189,7781034,7787094,7991347,12853391,7129699,7062166,7112758,7095740,7133638,7330575,7448449
강동구,2019,3,23783430,27253041,7770275,6537721,7877704,7839142,8075806,12935831,7242194,7239526,7259284,7209963,7154812,7393347,7537345
강동구,2019,4,24048599,27731378,7951216,6495166,7997719,8088194,8200950,13046738,7316227,7270623,7336472,7306882,7307873,7550513,7691404
강북구,2015,1,5682213,6222880,578771,1792629,2562944,2769939,2653023,1547766,2076856,2049926,1813388,1727607,1540908,1409802,1286590
강북구,2015,2,5558457,6198796,562451,1727672,2510859,2769462,2681693,1505129,1797968,1747611,1807544,1803193,1913634,1561435,1125875
강북구,2015,3,4774212,5391576,458770,1467549,2029636,2407311,2432933,1369571,1584633,1558951,1554337,1601936,1654498,1284092,927320
강북구,2015,4,4488200,5255755,481032,1396897,1880488,2297317,2358997,1329234,1534879,1529901,1485904,1487577,1518201,1264005,923531
강북구,2016,1,4007222,4646749,361573,1222251,1648102,1985617,2111870,1324543,1347827,1274725,1322320,1358031,1412838,1125520,812734
강북구,2016,2,4257481,5225908,478403,1325529,1750454,2154121,2281936,1492939,1459200,1342871,1451477,1549263,1527100,1243852,909659
강북구,2016,3,3485247,4360151,403239,998649,1428589,1830272,1918162,1266460,1247711,1247996,1207498,1189389,1252342,984347,716127
강북구,2016,4,2969949,3917263,395500,884685,1211224,1592829,1682580,1120422,1056887,1056541,1058272,1042722,1123677,908566,640614
강북구,2017,1,5137976,5238704,782213,2734913,1930030,1829889,1829005,1270662,1346570,1336551,1523780,1538148,1501293,1621975,1508375
강북구,2017,2,5100849,5250826,715138,2583233,1890035,1820275,1850562,1492458,1409399,1416424,1437725,1421360,1477853,1603057,1585897
강북구,2017,3,6539194,6848104,984808,3302857,2387028,2330608,2381653,2000354,1849649,1827801,1884007,1882749,1950030,1999953,1993122
강북구,2017,4,5663757,5843175,774757,2961070,2081559,1992954,2022779,1673834,1566560,1587175,1566451,1578683,1693088,1817851,1697073
강북구,2018,1,5625148,5820578,826901,2975380,1995094,1932842,2024220,1691315,1580411,1573081,1606101,1557702,1648116,1747280,1733036
강북구,2018,2,6088717,6288629,771623,3169570,2157508,2096893,2215248,1966507,1709238,1682193,1724754,1674538,1784334,1918649,1883647
강북구,2018,3,6384190,6563710,826320,3376486,2228300,2143476,2326726,2046625,1799280,1804990,1790167,1777497,1882354,1964414,1929230
강북구,2018,4,5886682,6021300,704418,3026087,2047013,1959722,2201132,1969665,1643949,1628530,1625871,1602290,1719966,1864333,1823107
강북구,2019,1,16498328,19375711,4665776,5190314,4672429,5314957,5743155,10287418,5064434,5076072,5048600,5034103,5071603,5256045,5323186
강북구,2019,2,15453926,18667653,4415112,4971383,4501784,5050054,5453445,9729808,4834971,4790143,4822869,4826754,4842285,4964397,5040173
강북구,2019,3,15595470,18472718,4510988,5060726,4510157,4989546,5390621,9606139,4811512,4810184,4839919,4829003,4812347,4955154,5010059
강북구,2019,4,16154214,19232531,4699665,5228908,4663576,5159966,5619793,10014834,4995665,4973374,5023069,5007231,5001747,5154910,5230754
강서구,2015,1,7637358,8035691,1024398,2074909,3702072,3769059,3379991,1722641,2775958,2719611,2421098,2288395,2028365,1807824,1631793
강서구,2015,2,7145911,7556307,970750,1893410,3458755,3563939,3233002,1582367,2262647,2208365,2295945,2282412,2397399,1892468,1363038
강서구,2015,3,6412052,6805221,804602,1645281,3008193,3234844,3052709,1471636,2059895,2059058,2050391,2107983,2143764,1640782,1155395
강서구,2015,4,6061748,6607779,839587,1563227,2811300,3057335,2951458,1446604,2019777,2007482,1958047,1949813,1975392,1610332,1148700
강서구,2016,1,5336456,5892637,660555,1397046,2427607,2669850,2614316,1459745,1747032,1667375,1747021,1792411,1828687,1436033,1010542
강서구,2016,2,5093947,5857379,686640,1247850,2392829,2633061,2577268,1413696,1698748,1564685,1717520,1815017,1762766,1395131,997456
강서구,2016,3,4978767,5705504,678356,1279026,2313856,2525942,2472564,1414514,1715217,1718061,1658124,1632479,1720107,1317467,922846
강서구,2016,4,4522678,5335594,661221,1166574,2136266,2317471,2276781,1299974,1526260,1528161,1535236,1520511,1626015,1263988,858117
강서구,2017,1,5726825,5790639,806890,2660105,2858966,2092512,1862205,1236739,1499190,1505038,1725120,1733515,1642718,1765388,1646546
강서구,2017,2,6328574,6287991,802211,2776671,3031986,2314868,2118334,1572525,1728130,1760888,1776734,1778631,1814654,1884745,1872800
강서구,2017,3,7303317,7312434,1116338,3207998,3294697,2657693,2445052,1893977,2031777,2046342,2059093,2044273,2072009,2168564,2193728
강서구,2017,4,6383050,6093048,811803,2762121,2886923,2276455,2097834,1640956,1730787,1764243,1731049,1732449,1813056,1897348,1807191
강서구,2018,1,6183824,5984683,876759,2733138,2758464,2185311,2004914,1609882,1703892,1705410,1736228,1675606,1728206,1800960,1818212
강서구,2018,2,6733475,6652636,880305,2945064,3032029,2392872,2237997,1897891,1819211,1803230,1904783,1903170,1953467,2056527,1945728
강서구,2018,3,7721134,7637128,1061866,3460306,3420407,2714830,2517276,2183617,2130948,2157230,2164252,2163650,2247067,2271457,2223645
강서구,2018,4,6802160,6580373,863389,2918054,2963302,2365472,2254257,2018071,1874387,1863618,1875806,1844180,1920636,2026474,1977491
강서구,2019,1,22783748,26075178,8145569,6602957,8389629,7492369,6834173,11394228,6917561,6901333,6907116,6884382,6904892,7115647,7227999
강서구,2019,2,21185806,24607434,7674980,6133005,7969038,7101029,6359057,10556152,6522295,6462179,6509751,6506818,6480768,6591794,6719638
강서구,2019,3,21567981,24824222,7805545,6384858,8072525,7166412,6427922,10534949,6616601,6600930,6610254,6581197,6493159,6670744,6819305
강서구,2019,4,22271436,25642506,8056638,6493010,8405322,7471279,6637590,10850129,6819048,6786107,6833468,6787233,6736516,6897473,7054107
관악구,2015,1,12648050,12336818,1245227,5105800,5930011,5010684,4682765,3010396,4286610,4216977,3771182,3610765,3194236,3033032,2872124
관악구,2015,2,11839724,11631624,1176238,4759744,5502247,4750477,4480506,2802168,3529644,3462408,3581698,3582232,3761511,3146713,2407162
관악구,2015,3,9607566,9467208,905469,3776465,4273321,3898752,3854713,2366079,2909756,2911216,2888923,2984808,3046249,2462123,1871747
관악구,2015,4,9574129,9704722,1012240,3898933,4202326,3877553,3851595,2436220,2955128,2984458,2920938,2922322,2971079,2555146,1969800
관악구,2016,1,9505872,9579624,896432,3882863,4146012,3717010,3687989,2755228,2879821,2777678,2883323,2957544,3044339,2566063,1976734
관악구,2016,2,7902885,8318694,771102,3256881,3518425,3193478,3169591,2312123,2443192,2276697,2478196,2623367,2545720,2167752,1686710
관악구,2016,3,7350453,7856702,735528,3109906,3249231,3011700,2966200,2134599,2393275,2393517,2323372,2301375,2414338,1928275,1453008
관악구,2016,4,6659116,7293421,735172,2893874,2903063,2745818,2705145,1969538,2110645,2122520,2131578,2131797,2260234,1848348,1347428
관악구,2017,1,10944047,9727391,1235787,8027170,4403286,2699992,2476377,1828847,2677663,2694928,3036052,3076717,2977647,3233743,2974699
관악구,2017,2,10344038,9031133,1086224,7237621,4151567,2570787,2379304,1949658,2611461,2652831,2740252,2713344,2824832,2966595,2865882
관악구,2017,3,13038057,11584381,1415338,9207970,5107181,3215486,3035511,2640991,3360266,3400440,3443036,3480522,3560911,3722851,3654407
관악구,2017,4,11924063,10469157,1139329,8305915,4702430,2996796,2879645,2369145,3076456,3079193,2996031,3067616,3304403,3579505,3290029
관악구,2018,1,11726436,10469484,1231408,8442456,4491241,2897289,2783667,2349889,3051819,3053286,3114214,3017962,3152737,3436940,3368962
관악구,2018,2,12530815,11283677,1179024,8760094,4921048,3139516,3061361,2753495,3245474,3228517,3307506,3250227,3391462,3783040,3608269
관악구,2018,3,13069340,11597424,1227283,9322804,5057751,3175484,3090899,2792554,3356813,3403487,3486870,3390353,3558201,3780921,3690178
관악구,2018,4,11106483,9706317,926508,7737050,4258236,2653401,2736837,2500736,2848397,2844413,2848116,2817968,2998220,3289196,3166520
관악구,2019,1,33062522,33884287,7152138,16493784,12270418,8890782,8087043,14052618,9308970,9302449,9341053,9364376,9455975,10047296,10126678
관악구,2019,2,31523512,32687121,6813804,15935626,12057183,8572393,7602094,13229555,9006972,8942922,9026283,9037659,9031260,9508992,9656574
관악구,2019,3,31066579,32037943,6668499,15819238,11868859,8449600,7472897,12825431,8871453,8877565,8906022,8870320,8762368,9303386,9513399
관악구,2019,4,31570435,32658041,6758432,15999912,12151833,8665978,7692203,12960123,8964916,8940663,9090758,9039455,8965149,9531763,9695795
광진구,2015,1,6751584,6410012,646989,2456231,3086764,2959747,2695406,1316465,2335974,2298441,2015662,1925414,1732948,1524471,1328687
광진구,2015,2,6415907,6164470,659083,2393557,2936419,2819200,2578840,1193270,1932832,1889677,1955482,1974249,2083105,1622544,1122454
광진구,2015,3,5947983,5731280,568280,2079245,2622501,2692648,2541417,1175188,1829227,1824474,1805385,1868115,1920832,1437666,993575
광진구,2015,4,5501097,5479835,587297,2030938,2406462,2483925,2384906,1087408,1733250,1738069,1694216,1687777,1738980,1417413,971260
광진구,2016,1,4728992,4795755,433787,1738358,2066646,2127468,2098359,1060162,1484261,1395061,1467107,1522373,1596944,1229493,829544
광진구,2016,2,5564866,5924788,627769,2275423,2478803,2429955,2343237,1334481,1736728,1606175,1769978,1898675,1847516,1527467,1103124
광진구,2016,3,3922243,4213774,402664,1591511,1772182,1775943,1694087,899636,1296267,1300590,1251936,1248713,1327084,1010290,701186
광진구,2016,4,3424254,3748219,394862,1442156,1537881,1555593,1468585,773409,1098283,1109616,1112914,1111075,1201501,930714,608371
광진구,2017,1,6391138,6334451,1017147,4240585,2549488,1920246,1847628,1150513,1662798,1663398,1879389,1901887,1838260,1994373,1785490
광진구,2017,2,6267311,6094180,889436,4096810,2457575,1874193,1800820,1242652,1670558,1695593,1716417,1719356,1783935,1956413,1819207
광진구,2017,3,7969017,7900619,1138529,5018322,3147178,2434254,2369885,1761465,2180687,2192962,2209355,2193063,2315052,2468561,2309953
광진구,2017,4,7269953,7122626,966113,4862988,2827242,2124271,2131134,1480800,1960215,1964600,1907608,1967565,2147869,2360611,2084104
광진구,2018,1,7045064,6835866,1030122,4854017,2647900,1962693,1974037,1412159,1901754,1887613,1949997,1890217,1983781,2206054,2061536
광진구,2018,2,8081839,8061774,1076540,5436888,3146762,2310759,2370780,1801930,2156212,2205524,2244197,2231976,2362282,2609767,2333673
광진구,2018,3,8006163,7894502,1043400,5622609,3031771,2213023,2276608,1713277,2150992,2184002,2211691,2194010,2332957,2517977,2309059
광진구,2018,4,7422795,7264481,912005,5074220,2807035,2047119,2173306,1673601,1998252,1994728,2001548,1978551,2136768,2386938,2190534
광진구,2019,1,20836601,23357031,5947977,8697225,7322723,6277996,6434595,9513112,6195015,6192633,6203377,6202654,6279161,6549080,6571702
광진구,2019,2,19629543,22488257,5640397,8560886,7108443,6026605,5968017,8813442,5936719,5871162,5931702,5940602,5962181,6221533,6253909
광진구,2019,3,19264615,21847486,5412724,8373831,6961640,5891169,5862405,8610359,5805633,5807315,5841063,5816878,5762524,6015001,6063702
광진구,2019,4,19382375,21965034,5401642,8639400,7004361,5899686,5873130,8529200,5802084,5782562,5866588,5838468,5828709,6096976,6132046
구로구,2015,1,6098318,5876874,567042,1628140,2899100,2859551,2580733,1440654,2167152,2113262,1875690,1784282,1563893,1284924,1186049
구로구,2015,2,6086090,5955742,591157,1623058,2841174,2874372,2657900,1454161,1882290,1835893,1913713,1908589,1973552,1440029,1087749
구로구,2015,3,5056390,5050038,446358,1305575,2294621,2436851,2351388,1271622,1603877,1591547,1587045,1628550,1640585,1167901,886954
구로구,2015,4,4991325,5171024,492406,1338864,2270780,2401603,2364314,1294399,1644506,1620119,1588775,1577122,1578349,1235393,918092
구로구,2016,1,4232461,4436657,349343,1049837,1915849,2072793,2051358,1230004,1372804,1301798,1358593,1407166,1415734,1042834,770221
구로구,2016,2,4441351,4760333,403519,1104938,2016659,2200824,2175365,1300415,1455413,1357175,1453649,1517897,1491083,1103997,822505
구로구,2016,3,4365715,4581315,411052,1094202,1957421,2163675,2080362,1240309,1452317,1460703,1410932,1398202,1467380,1014510,743018
구로구,2016,4,4030419,4393024,433541,1026781,1788713,2018150,1973543,1182734,1318709,1324779,1325939,1323151,1396820,1015469,718606
구로구,2017,1,5288549,4846652,545511,2390372,2458574,1922908,1653433,1164437,1348769,1365237,1563068,1562238,1476439,1450947,1368512
구로구,2017,2,5041145,4564966,471837,2260557,2319886,1799145,1574411,1180292,1379901,1367590,1408645,1384888,1416042,1316919,1332104
구로구,2017,3,5361661,4967663,516688,2466154,2379728,1914647,1709478,1342657,1454480,1444462,1490693,1474190,1509738,1473099,1482694
구로구,2017,4,5647919,5176497,476628,2498382,2535576,2023956,1871785,1418062,1491476,1529621,1502056,1501568,1606983,1620345,1572375
구로구,2018,1,5752198,5202718,509549,2627948,2536708,1994291,1874752,1411632,1542148,1551795,1583707,1523007,1585125,1566417,1602724
구로구,2018,2,5934535,5357516,475426,2633093,2566870,2089443,1978868,1548350,1577990,1572952,1583216,1613361,1668251,1632879,1643433
구로구,2018,3,6203391,5515214,500640,2740503,2599566,2159231,2062390,1656279,1671054,1669599,1658173,1661304,1725658,1652031,1680863
구로구,2018,4,5799009,5117516,429907,2468647,2409361,1989505,1977238,1641874,1556658,1527443,1533490,1527299,1598083,1586195,1587395
구로구,2019,1,15121097,16051509,3910988,4222556,5272615,5112734,4920162,7733553,4448965,4442484,4446178,4428142,4427272,4438147,4541417
구로구,2019,2,14319869,15231823,3720938,3993388,5038620,4912514,4652509,7233748,4230993,4201179,4231612,4225067,4207314,4170083,4285451
구로구,2019,3,14387494,15305658,3718463,4137721,5074886,4934114,4642945,7185050,4263674,4248810,4264648,4236913,4206981,4179279,4292871
구로구,2019,4,14332119,15169312,3774311,4032643,5016982,4903006,4591886,7182636,4223548,4198527,4192333,4179290,4165896,4208112,4333736
금천구,2015,1,4398947,3892730,357500,1087694,1868525,2107924,1967136,902882,1511174,1477352,1302777,1233986,1091348,892312,782737
금천구,2015,2,4282151,3846086,371337,1035246,1785520,2086324,1989396,860424,1275578,1248766,1296670,1293586,1346888,977264,689499
금천구,2015,3,3746208,3376360,293612,859953,1475879,1855967,1851941,785206,1133447,1126032,1121847,1160964,1172005,832648,575646
금천구,2015,4,3452739,3192195,272102,815981,1373999,1709587,1737432,735857,1091876,1075434,1047109,1041583,1042358,791060,555498
금천구,2016,1,3090898,2880060,205364,704369,1227541,1477830,1591603,764292,956513,895041,935070,967293,1003418,720150,493496
금천구,2016,2,2703135,2584188,221538,570137,1044720,1285228,1416439,749248,837412,773560,845536,905774,866781,622092,436182
금천구,2016,3,2833883,2725064,221730,638353,1107422,1378778,1461680,751006,916548,915750,883810,870112,914798,624833,433100
금천구,2016,4,2430117,2422048,207702,551270,953192,1210281,1271884,657819,771669,773415,773684,770554,811677,567729,383442
금천구,2017,1,2356668,1939743,174631,1016859,1013195,825670,812770,453285,566758,580375,673022,675183,632641,615969,552495
금천구,2017,2,2243795,1852015,138472,918876,945982,780483,796719,515281,585598,592139,598641,583753,601756,573369,560594
금천구,2017,3,2679152,2233194,208234,1102129,1085041,915558,951796,649597,701102,699449,708469,716965,736956,686882,662549
금천구,2017,4,2751943,2256508,171959,1050980,1144554,965760,1015433,659784,700990,718908,699192,703769,749409,751078,685098
금천구,2018,1,2724224,2223706,178943,1083792,1103944,927340,991727,662177,706712,707288,719995,691895,724354,712251,685438
금천구,2018,2,3035805,2515550,170148,1208082,1237941,1023803,1117770,793623,789203,779481,785992,789214,817561,809682,780214
금천구,2018,3,3013422,2505402,176075,1226130,1223515,1018138,1093385,781611,783854,786004,785106,785904,817620,800132,760226
금천구,2018,4,2798239,2299838,135398,1101358,1124519,912145,1035457,789178,727095,710246,718399,712736,750148,758280,721169
금천구,2019,1,8483258,8614821,1853654,2477669,2970798,2705118,2918437,4172405,2450197,2445344,2438732,2430674,2433897,2434573,2464670
금천구,2019,2,8092414,8283411,1723098,2377641,2900088,2619504,2808141,3947365,2352894,2338938,2345894,2344281,2338630,2305237,2349953
금천구,2019,3,7967926,8106232,1692095,2391867,2866799,2547624,2721353,3854412,2307376,2307580,2308099,2301245,2278810,2267634,2303427
금천구,2019,4,8319889,8465300,1789349,2450899,2981850,2677740,2818043,4067315,2418674,2401711,2402439,2390208,2375028,2374908,2422226
노원구,2015,1,2230410,2523522,377402,808217,955414,1134577,984155,494170,822064,811857,717033,684700,630589,573716,513993
노원구,2015,2,2279815,2620670,394925,798213,992435,1184759,1026095,504068,732451,719996,743895,753133,815352,659112,476567
노원구,2015,3,2292695,2667835,400885,790886,918838,1208223,1095088,546625,751470,759037,749033,774300,813116,638456,475146
노원구,2015,4,2145439,2577338,415450,746434,857509,1144235,1043969,515183,722452,729256,714108,722333,746956,624053,463625
노원구,2016,1,1854657,2251768,320834,662314,733126,975023,913575,501553,625288,602909,625878,630317,678779,547771,395494
노원구,2016,2,1609637,2018289,273866,494574,618950,871109,836764,532672,536934,481501,555548,640469,584927,475866,352692
노원구,2016,3,2066511,2707027,431806,709762,833877,1135489,1041610,620988,738328,749786,723514,718642,763016,621829,458435
노원구,2016,4,1777617,2368287,409549,603237,711816,987256,889025,545022,620492,627363,630552,629087,677703,559798,400949
노원구,2017,1,2801115,2978668,657128,1701939,970406,920099,930964,599278,763298,764205,827033,837619,841580,903633,842423
노원구,2017,2,2864183,3112261,589182,1731326,1012711,967148,974489,701595,786559,813994,814857,831164,875663,948855,905355
노원구,2017,3,3650884,4034242,767561,2228510,1259044,1244845,1249370,935805,1026479,1042035,1053395,1050167,1148221,1222455,1142374
노원구,2017,4,3566992,3944636,731757,2197923,1249060,1227868,1209525,895501,1020273,1008104,985345,1029171,1147141,1223838,1097786
노원구,2018,1,3379507,3643216,778502,2082171,1114307,1103484,1107882,836394,955470,959925,975269,942003,1017207,1114382,1058471
노원구,2018,2,3559092,3879907,678884,2118251,1209370,1195680,1249667,987123,1009412,1008933,1032020,1016185,1089653,1178781,1104022
노원구,2018,3,4015480,4332578,775303,2479338,1331355,1296740,1375426,1089909,1138027,1170318,1155824,1130433,1247372,1301534,1204560
노원구,2018,4,3360800,3553948,621430,2020501,1091399,1079972,1162905,938529,943794,942848,943436,926412,1024675,1113687,1019894
노원구,2019,1,7246720,8317156,2330542,2674254,1903595,2175631,2450362,4029487,2170809,2164028,2178710,2172430,2214723,2346602,2316576
노원구,2019,2,6699673,7861834,2141244,2473032,1792915,2058801,2315763,3779754,2027716,2014232,2038461,2041147,2072976,2199745,2167233
노원구,2019,3,6923222,8110415,2248164,2573978,1836185,2100448,2394129,3880739,2099099,2112164,2129256,2103558,2114996,2247945,2226621
노원구,2019,4,7167168,8329827,2383052,2612019,1881515,2158828,2449792,4011795,2134134,2139692,2182968,2171822,2196672,2345495,2326223
도봉구,2015,1,2666128,2886866,320299,673326,1135293,1372649,1338205,713220,982003,963812,851293,812065,711549,640061,592232
도봉구,2015,2,2551763,2822797,313428,621972,1099595,1353344,1321375,664850,825895,799368,823025,824299,873694,707796,520478
도봉구,2015,3,2505399,2820289,315676,614943,994644,1325162,1371600,703661,837387,822290,806191,824340,867029,672516,495937
도봉구,2015,4,2199559,2582445,303636,537957,868563,1193300,1253617,624938,762224,754594,732191,732233,745687,606138,448933
도봉구,2016,1,1920312,2255067,244330,446186,744248,1020372,1099908,620344,648153,624952,646330,663215,675053,533096,384598
도봉구,2016,2,2031787,2527167,279371,473685,790285,1120042,1208454,687102,701812,635884,705117,756881,731200,584077,443966
도봉구,2016,3,1517921,1956052,202742,357712,613668,857672,932495,509688,556968,557679,537046,528598,555102,429474,309110
도봉구,2016,4,1287214,1749774,190635,310944,512129,747451,814827,460986,471086,469520,470643,464598,500464,391009,269665
도봉구,2017,1,2359109,2240258,312428,980849,844977,862810,946225,652062,586704,586074,698149,705114,675974,696469,650899
도봉구,2017,2,2554472,2462208,306091,1042156,917357,927886,1028990,794204,688802,705766,704595,701602,723010,741991,750952
도봉구,2017,3,3386635,3357142,422153,1411415,1209051,1215040,1353008,1133144,940111,919131,949841,934820,1033238,979861,986768
도봉구,2017,4,2889039,2777451,340021,1152850,1000420,1046464,1163277,963465,780657,805326,796525,790517,825002,849386,819066
도봉구,2018,1,2656168,2543604,315902,1076870,886420,946492,1091276,882810,724019,727391,741570,720609,754798,759451,771937
도봉구,2018,2,3398266,3346104,400799,1347268,1143083,1219136,1411943,1222137,950970,947366,956278,938309,953466,987695,1010298
도봉구,2018,3,2709844,2610457,297835,1094090,902807,921763,1113400,990412,748557,748641,733872,733523,770643,786467,798613
도봉구,2018,4,2391650,2283255,238062,907274,769611,817512,1016166,926300,648965,644683,645322,642840,676091,698537,718482
도봉구,2019,1,8448713,9901735,2584765,2320415,2337533,2661894,2969373,5476464,2595791,2607088,2586239,2570232,2573712,2680399,2736987
도봉구,2019,2,7949096,9551239,2407793,2222661,2254923,2526590,2833996,5254375,2480148,2452351,2467412,2465937,2459337,2554065,2621084
도봉구,2019,3,7943791,9358564,2335882,2266865,2254473,2492520,2812256,5140347,2434715,2436293,2442516,2451407,2435079,2521858,2580478
도봉구,2019,4,8080671,9497908,2384491,2287735,2296639,2532804,2852447,5224467,2491830,2481606,2484977,2468199,2453476,2563462,2635031
동대문구,2015,1,9357746,8256985,675986,2715901,3902767,4061395,3854490,2404207,3199845,3151714,2771165,2610430,2317545,1921282,1642809
동대문구,2015,2,9147082,8130758,727721,2721719,3746062,3972664,3809110,2300607,2697968,2663708,2781632,2770134,2867723,2089555,1407164
동대문구,2015,3,8851175,7965754,684571,2348442,3485960,3909536,3923022,2465468,2658573,2678625,2668282,2729135,2769271,1959876,1353193
동대문구,2015,4,9257111,8633928,834564,2754585,3552826,3993554,4072917,2682638,2874214,2887569,2812847,2780796,2806902,2198846,1529934
동대문구,2016,1,7174575,6717431,509098,1999917,2736657,3129041,3234644,2282681,2202090,2088518,2201673,2291885,2305469,1679244,1123174
동대문구,2016,2,6449139,6316260,521618,1925076,2459581,2823767,2951922,2083463,2029313,1897740,2028296,2160752,2086041,1524073,1039251
동대문구,2016,3,5241130,5225038,388320,1490563,2037194,2378554,2475282,1696302,1724512,1723366,1656710,1642645,1708976,1207284,802683
동대문구,2016,4,4675832,4782142,435484,1447152,1781166,2096006,2194631,1503562,1486975,1506498,1508744,1497212,1571211,1145533,741789
동대문구,2017,1,7110025,6302908,893851,4058181,2567227,2131888,2127943,1633922,1808314,1842398,2071195,2060462,1971227,1949348,1710019
동대문구,2017,2,8990962,8230394,1219088,5086877,3198903,2668659,2662430,2385436,2506054,2491548,2603759,2467715,2559789,2340624,2251929
동대문구,2017,3,8736731,7837216,997780,4858717,3019247,2612362,2651926,2433954,2381816,2415402,2444268,2441681,2437995,2285189,2167654
동대문구,2017,4,8440624,7721737,981540,5192333,2877996,2417841,2475997,2216691,2287111,2396510,2316634,2336628,2400421,2327430,2097694
동대문구,2018,1,9176438,8497336,1277833,5537662,3086441,2638445,2683770,2449648,2562752,2624044,2656519,2493154,2545660,2435709,2355954
동대문구,2018,2,9409077,8745066,1284844,5731086,3102057,2630077,2782193,2623913,2647504,2672886,2658345,2712634,2663305,2473217,2326305
동대문구,2018,3,9785434,8995655,1066490,5621300,3317149,2815953,3052159,2908062,2668956,2708773,2666231,2742739,2854701,2650444,2489278
동대문구,2018,4,8664547,7752781,923598,5127413,2807871,2382621,2599998,2575904,2365127,2367326,2389767,2385223,2424011,2310914,2174982
동대문구,2019,1,21096631,22524787,5635933,7633730,6214496,6202037,6366916,11568340,6216337,6187712,6225676,6249241,6201256,6272057,6269152
동대문구,2019,2,20660568,22459801,5764097,8109639,6090262,6024290,6121330,11010749,6173817,6170484,6216534,6203879,6157453,6096418,6101820
동대문구,2019,3,19798790,21345468,5232098,7366444,5967341,5863948,5974459,10739976,5909244,5934426,5934624,5865540,5800549,5835281,5864598
동대문구,2019,4,20627074,22307663,5532620,8075062,6193856,6071543,6154500,10907166,6144802,6138463,6163873,6127231,6103924,6123297,6133159
동작구,2015,1,6309269,6230619,563990,2456112,2944856,2681640,2415481,1477838,2245091,2208853,1949188,1849111,1642563,1407190,1237895
동작구,2015,2,6130124,6152574,614339,2496022,2810839,2593876,2366643,1400963,1900761,1873340,1940675,1951626,2034571,1519469,1062248
동작구,2015,3,5080000,5174713,461060,1959939,2285636,2214842,2098900,1234339,1608633,1614430,1606562,1668415,1681325,1223057,852301
동작구,2015,4,5339118,5547038,562361,2202247,2324657,2284464,2186335,1326073,1745448,1747893,1693220,1686304,1698422,1369849,945035
동작구,2016,1,4422776,4665423,353812,1824454,1950901,1903065,1837710,1218286,1425075,1364512,1424606,1481620,1496910,1123150,772354
동작구,2016,2,4766256,5179097,466748,2031952,2091471,2040972,1950355,1363869,1544051,1452800,1568173,1671838,1612051,1235279,861198
동작구,2016,3,4374874,4836143,428152,1843638,1955070,1907872,1796467,1279808,1481829,1487981,1434118,1428037,1497141,1102948,778994
동작구,2016,4,4006105,4532104,450092,1715418,1787309,1767182,1665015,1153192,1316548,1335029,1337686,1330801,1416385,1081651,720093
동작구,2017,1,7498411,7060817,1004174,5113308,2928192,2050437,1933011,1530153,1972362,2008091,2212023,2219070,2148453,2126103,1873140
동작구,2017,2,6912678,6425099,957847,4640359,2609912,1865950,1764190,1499533,1889944,1918796,1951999,1928534,1975499,1916234,1756819
동작구,2017,3,8176366,7830901,1093775,5467316,3080865,2245889,2162974,1956454,2284489,2302304,2313376,2337064,2387725,2274970,2107391
동작구,2017,4,7735973,7280469,946314,5146430,2870434,2126523,2088675,1838089,2115628,2184053,2110802,2142672,2261484,2250662,1951129
동작구,2018,1,7931565,7459479,1094410,5295725,2859380,2114001,2126407,1901106,2197385,2250170,2279129,2157900,2251907,2209654,2044898
동작구,2018,2,8629858,8237943,1161992,5809279,3140853,2295390,2285933,2174403,2407679,2409950,2424427,2460899,2555390,2452695,2156734
동작구,2018,3,8504306,8144186,1014538,5687910,3114057,2308734,2297708,2225526,2335899,2383862,2390931,2427065,2512331,2416157,2182278
동작구,2018,4,8656545,8154197,979061,5799993,3086507,2268249,2371887,2305073,2414152,2403559,2409113,2395984,2500647,2477891,2209430
동작구,2019,1,18477309,20681956,5170094,7991316,6347275,5207869,5148206,9294501,5536200,5522625,5543313,5557850,5564776,5730665,5703849
동작구,2019,2,17875630,20244751,5182738,7933380,6228606,5102258,4907285,8766098,5413247,5408741,5433476,5435748,5415833,5511413,5501923
동작구,2019,3,17665847,19932613,5047210,7601593,6228320,5124479,4927671,8669178,5351650,5367269,5373609,5335123,5275714,5431346,5463742
동작구,2019,4,18798488,21190785,5334286,8249468,6649919,5474469,5201440,9079686,5674948,5662125,5690742,5664052,5648549,5835667,5813204
마포구,2015,1,11415545,10486204,926920,5026853,5645482,4991049,3549596,1761891,3921080,3890806,3427267,3271020,3010476,2427292,1953839
마포구,2015,2,10964302,10160237,894245,4775968,5442337,4867104,3477733,1667182,3229578,3226082,3388649,3425773,3634677,2562001,1657783
마포구,2015,3,9336018,8905781,827647,4182416,4473354,4161004,3092574,1504812,2829515,2885182,2889537,2997341,3091471,2142635,1406152
마포구,2015,4,8979212,8730045,898016,4064570,4289922,3997529,3018190,1441050,2787401,2854667,2780306,2782576,2891548,2188584,1424185
마포구,2016,1,7788121,7668576,658421,3612753,3748225,3468484,2616950,1351860,2400180,2325127,2446790,2554712,2652108,1882082,1195701
마포구,2016,2,7618809,7692553,700815,3736836,3683082,3373677,2517262,1299764,2325193,2238823,2428785,2590400,2615353,1901013,1211812
마포구,2016,3,7116395,7275219,735795,3453881,3386737,3166803,2333397,1315014,2292258,2328256,2255672,2274887,2438815,1687956,1113788
마포구,2016,4,6974512,7293443,794175,3359173,3328041,3133697,2323515,1329423,2163490,2247212,2255445,2255900,2455382,1771501,1119013
마포구,2017,1,11265225,11823321,1967870,8844642,5249070,3401753,2269142,1356094,3012065,3146772,3425233,3484991,3425308,3591271,3002920
마포구,2017,2,11286632,11783200,1748118,8613405,5269577,3445715,2348632,1644442,3053659,3181740,3288596,3277592,3542191,3638850,3087226
마포구,2017,3,12253781,12939222,1922196,9650012,5515906,3687552,2584663,1832678,3396562,3471048,3554487,3608062,3864048,3923081,3375761
마포구,2017,4,11558659,12287124,1701561,9313718,5246775,3444262,2447004,1692476,3194467,3262971,3173539,3340587,3717909,3930872,3225480
마포구,2018,1,11925684,12847977,2073352,9854127,5182243,3464458,2485710,1713817,3382102,3472419,3542675,3410608,3626914,3939417,3399531
마포구,2018,2,12394047,13421110,1858641,9982445,5603568,3736806,2701081,1932638,3462723,3502926,3567765,3634043,3969159,4162245,3516345
마포구,2018,3,13082221,14205648,1934999,10671529,5824541,3925296,2868014,2063503,3596017,3794545,3862331,3931980,4211809,4280310,3610900
마포구,2018,4,13860681,14948880,1885721,11149414,6206214,4173497,3095640,2299085,4023121,4000201,3993340,4007044,4331040,4490342,3964503
마포구,2019,1,22090557,26030428,6228147,11176475,9106178,7481207,5601920,8527070,6716031,6744083,6823295,6931787,7052510,7108297,6744988
마포구,2019,2,21417351,25784362,6076313,11140113,9054821,7334423,5402876,8193161,6611717,6700011,6754578,6771338,6892447,6901911,6569693
마포구,2019,3,21497488,25657446,6066770,11139071,9059417,7377428,5452330,8059907,6697783,6781935,6800771,6700052,6754443,6816751,6603211
마포구,2019,4,22097214,26471373,6187669,11634093,9322749,7632756,5639716,8151614,6798150,6879274,6915477,6916576,7076472,7181683,6800968
서대문구,2015,1,5432100,5276792,531421,2484804,2306116,2374069,1934898,1077580,1934429,1904645,1687109,1597569,1441139,1155609,988400
서대문구,2015,2,5108015,5013694,537531,2438542,2132091,2218093,1835424,960071,1549692,1544485,1632246,1656188,1724984,1211489,802649
서대문구,2015,3,4279457,4334784,441331,1936558,1736765,1933031,1663453,903099,1336445,1365533,1366534,1417527,1436894,1002205,689110
서대문구,2015,4,4112032,4309214,491177,1934344,1676714,1853480,1596497,869037,1332578,1364590,1320994,1328634,1350936,1026630,696877
서대문구,2016,1,3557740,3855891,348052,1785766,1447257,1591396,1399106,842043,1160598,1109008,1166339,1216406,1240253,904630,616419
서대문구,2016,2,3471841,3974126,414730,1775378,1410931,1572118,1400558,872267,1134048,1088149,1179589,1254224,1239535,927204,623220
서대문구,2016,3,2736709,3133769,318641,1205286,1144434,1322280,1154742,725103,955668,966092,933673,930687,968703,659460,456189
서대문구,2016,4,2901496,3409113,389343,1396916,1221209,1363071,1179281,760803,961026,994312,999780,996253,1063225,790035,506018
서대문구,2017,1,5281523,5757300,1082877,5032405,1748209,1332338,1107147,735847,1463207,1510462,1628218,1641321,1609114,1709277,1477249
서대문구,2017,2,5366399,5919089,1025251,5017794,1827794,1383989,1183244,847419,1527623,1592894,1626967,1602229,1686845,1721498,1527441
서대문구,2017,3,6924643,7727475,1222260,5959664,2353795,1961584,1756521,1398291,2009341,2079805,2097357,2078856,2161963,2199310,2025462
서대문구,2017,4,6604477,7316257,1033505,5812195,2424109,1869217,1597579,1184172,1932163,1994970,1912151,1984449,2149283,2118479,1829265
서대문구,2018,1,6501417,7288729,1176214,5928771,2284981,1770280,1514901,1115014,1944098,2000460,2025538,1929881,2002899,2044485,1842775
서대문구,2018,2,7271619,8159652,1149561,6341031,2744771,2077096,1762185,1356639,2166107,2204242,2185850,2274117,2366152,2258295,1976559
서대문구,2018,3,7831515,8661921,1112624,6708334,2970921,2276070,1934853,1490654,2285299,2371466,2402365,2475469,2557205,2350607,2051023
서대문구,2018,4,7823880,8640038,1045792,6660426,2928004,2281926,1966869,1580885,2389226,2370872,2362149,2387717,2474812,2309866,2169271
서대문구,2019,1,14056586,16246311,4027619,6864851,4615130,4466732,3928244,6400320,4359185,4377126,4397548,4454294,4435509,4215389,4063850
서대문구,2019,2,13697591,16215828,4054599,7012037,4643402,4423116,3765729,6014541,4288079,4390845,4410317,4402853,4400211,4088735,3932373
서대문구,2019,3,13765495,16001334,3894648,6707496,4723116,4521938,3851419,6068213,4341638,4417016,4424375,4317146,4289523,4029337,3947792
서대문구,2019,4,14119497,16442124,3952218,7165354,4842302,4622279,3941733,6037738,4438984,4501480,4473942,4460176,4463357,4176100,4047563
서초구,2015,1,13872923,10532264,698476,4061056,6598005,6120129,4393524,2534022,4663077,4634055,4051477,3796231,3450959,2180328,1629055
서초구,2015,2,13539254,10324061,729259,4000530,6419640,5992060,4318782,2403044,3838904,3877358,4109573,4148963,4194076,2292846,1401620
서초구,2015,3,10889473,8624106,666614,3323238,5014153,4857726,3625281,2026651,3166812,3240370,3300780,3454664,3389229,1834379,1127419
서초구,2015,4,13940573,10969255,885884,4239938,6434154,6159350,4591380,2599126,4235814,4299408,4194049,4090130,4058515,2483440,1548490
서초구,2016,1,10782188,8597655,547153,3207542,4972487,4842276,3602690,2207676,3208140,3070999,3256469,3430859,3410035,1888890,1114447
서초구,2016,2,9634498,8217227,585954,3033518,4567614,4375905,3253008,2035741,2932866,2862391,2994629,3137330,3039167,1792476,1092896
서초구,2016,3,9476986,8564847,752404,3328476,4507042,4285247,3124166,2044480,3011928,3085715,2961500,2971148,3127710,1781566,1102323
서초구,2016,4,8750795,7900266,707001,2985460,4156111,3955721,2910676,1936096,2633678,2756653,2774764,2774634,2930694,1734510,1046131
서초구,2017,1,11216106,9984646,1104193,6342860,5287144,3853506,2705327,1907706,2973447,3144405,3457177,3479223,3273837,2682295,2190416
서초구,2017,2,10981967,9585012,962833,5810806,5198430,3829886,2718856,2046228,3066976,3047725,3203280,3213223,3264845,2623080,2147890
서초구,2017,3,13946249,12419865,1373663,7676527,6431704,4794020,3437134,2653075,3919228,3940277,4045127,4148470,4220383,3305353,2787316
서초구,2017,4,11418846,9897656,966853,6032564,5240197,3912281,2915773,2248877,3022576,3255893,3167763,3305235,3477727,2876091,2211166
서초구,2018,1,11871258,10515015,1190839,6539227,5298659,4025235,2974739,2357625,3345109,3509548,3546547,3291934,3473011,2866181,2353988
서초구,2018,2,12362001,11141910,1146976,6619003,5629959,4273582,3208154,2626244,3457055,3471707,3473178,3649003,3851199,3085135,2516671
서초구,2018,3,12643908,11370782,1281886,7017319,5616616,4277700,3202879,2618324,3482053,3627523,3616084,3783924,3938995,3067300,2498833
서초구,2018,4,12431763,10951534,1071623,6427795,5560372,4212956,3324474,2786064,3457983,3417601,3535824,3621022,3780144,3085434,2485337
서초구,2019,1,23181660,24076386,5770576,8342478,9410513,8175316,6248537,9310638,6953797,6922698,7076195,7256787,7198705,6191307,5658568
서초구,2019,2,22212219,23338152,5596270,7839515,9237198,8063173,6001756,8812456,6694256,6893131,6867208,6833638,6913908,5907937,5440281
서초구,2019,3,22569112,23724162,5900931,8303427,9331269,8136658,6045391,8575596,6977759,7118446,7093984,6838005,6829877,5907245,5527960
서초구,2019,4,22719168,23936813,5809817,8033092,9461656,8340239,6223223,8787954,6959989,7016221,6809854,6839755,7049271,6299354,5681538
성동구,2015,1,6248891,5137922,413438,1844773,2725708,2759267,2400448,1243188,2110733,2089524,1826021,1722431,1533326,1175348,929493
성동구,2015,2,6107297,5111533,439391,1837404,2644936,2713957,2386061,1197124,1763669,1752620,1838509,1843036,1902022,1294798,824226
성동구,2015,3,6146173,5261531,491693,1738816,2573158,2763833,2503518,1336708,1885552,1810810,1813507,1880303,1929245,1262447,825855
성동구,2015,4,6723521,6020593,633063,2047623,2765608,2976237,2756709,1564910,2066132,2089432,2043035,2012777,2031183,1512417,989153
성동구,2016,1,4739685,4069283,297049,1284043,1928652,2101861,1988695,1208676,1420671,1365352,1433888,1492365,1500668,983430,612591
성동구,2016,2,5810546,4904175,446788,1577293,2368243,2543015,2389776,1389641,1736499,1667581,1764711,1836269,1791421,1147756,770517
성동구,2016,3,3433324,3080559,229709,1004452,1468675,1567545,1429090,814407,1088980,1106127,1058109,1058190,1109763,685081,407648
성동구,2016,4,3130378,2938252,248827,1002054,1345426,1424543,1301910,745904,963046,995404,997665,992463,1046969,679480,393605
성동구,2017,1,4571009,3979117,503321,2372444,1937877,1530576,1397837,808045,1171557,1200688,1360413,1340015,1265326,1174563,1037571
성동구,2017,2,4227298,3692329,431284,2151891,1775240,1419300,1277621,864295,1140115,1145345,1178796,1166878,1183875,1092151,1012510
성동구,2017,3,5286014,4838033,580790,2683244,2208464,1791083,1650165,1210314,1480368,1471044,1482591,1484488,1516734,1377674,1311143
성동구,2017,4,4873051,4378801,477557,2496394,2003774,1619129,1545979,1109026,1302092,1368466,1343249,1350690,1419489,1315107,1152779
성동구,2018,1,4647717,4181463,485911,2438756,1877815,1509657,1460482,1056587,1278637,1313636,1339589,1262193,1304988,1200203,1129955
성동구,2018,2,5084844,4678042,503632,2641337,2111910,1654798,1608541,1242688,1402978,1404348,1415268,1439292,1484314,1361066,1255638
성동구,2018,3,5591006,5172377,549637,3033050,2302705,1800536,1715599,1361840,1539525,1571320,1550650,1608788,1657302,1474806,1361016
성동구,2018,4,4991230,4492470,455918,2609519,2059163,1589120,1541651,1228315,1365122,1360762,1382696,1378619,1430814,1335589,1230098
성동구,2019,1,12663277,13476049,3408651,4578246,4513971,4034446,3851212,5752809,3757895,3756818,3794028,3832622,3807959,3639647,3550345
성동구,2019,2,12297497,13414620,3347250,4614930,4501563,4007563,3735223,5505575,3700540,3741075,3749245,3740058,3755614,3556528,3469057
성동구,2019,3,12163101,13167622,3273919,4563962,4510496,3995611,3675803,5310934,3692566,3734494,3728148,3656411,3644267,3464414,3410414
성동구,2019,4,12938111,13980184,3542251,4932602,4785198,4208681,3883960,5565599,3908318,3924784,3894109,3889995,3921914,3736897,3642287
성북구,2015,1,6539293,6753350,780440,2377429,2869447,3149000,2662553,1453778,2409448,2366079,2102774,1972110,1715799,1454381,1272107
성북구,2015,2,6116774,6560301,823607,2357774,2655826,2982681,2531367,1325833,1997786,1925770,2012218,2016399,2108170,1558037,1058700
성북구,2015,3,5886103,6352512,797040,2167545,2458305,2895875,2523070,1396820,1913399,1924862,1929189,1986299,2011058,1453090,1020769
성북구,2015,4,5627705,6241314,823190,2270500,2323036,2739740,2423587,1288963,1907792,1915931,1867248,1856299,1870137,1450514,1001079
성북구,2016,1,4535999,5123230,568481,1702071,1872284,2290098,2031279,1195017,1535777,1451012,1529379,1592027,1599647,1160876,790504
성북구,2016,2,4461773,5334431,717169,1813383,1822553,2255836,1978129,1209135,1568939,1424472,1546301,1650814,1567121,1204223,834372
성북구,2016,3,3950023,4762531,582830,1466835,1637299,2064549,1830859,1130220,1422292,1429611,1374241,1353595,1414257,1023145,695473
성북구,2016,4,3562720,4515280,641185,1472050,1452488,1859781,1626218,1026296,1264347,1279471,1291137,1271273,1346890,984602,640323
성북구,2017,1,5956594,6072916,1323419,4165026,2084037,1823444,1615592,1018041,1617408,1637295,1826215,1842672,1744734,1752296,1608896
성북구,2017,2,6127870,6257872,1334998,4274948,2079412,1826575,1647238,1222634,1769298,1773743,1813852,1840972,1795161,1728622,1664112
성북구,2017,3,6841288,6929233,1360634,4639738,2322167,2080133,1879732,1488156,1964995,1981464,2007065,1996745,1999191,1908150,1912909
성북구,2017,4,6949972,7163144,1401559,4985867,2325093,2062156,1856070,1482377,1998763,2067346,2018274,2022340,2083208,2035295,1887900
성북구,2018,1,6918952,7252495,1531793,4912628,2302941,2041669,1871808,1510590,2037583,2056376,2087170,1982920,2032680,1993621,1981136
성북구,2018,2,7482774,7953149,1622981,5430559,2471847,2186720,2020851,1703010,2223806,2241138,2242204,2255769,2248447,2155595,2068984
성북구,2018,3,8005056,8542778,1451853,5698590,2756773,2393761,2292175,1954708,2376796,2400014,2346108,2355984,2388885,2375566,2304525
성북구,2018,4,7174256,7626661,1315085,5287670,2346968,2071519,2013424,1766252,2120427,2110787,2139154,2122243,2137429,2126748,2044138
성북구,2019,1,17941820,21098359,6137320,7490008,5233206,5531535,5351111,9297006,5510927,5510473,5537912,5545616,5542420,5672736,5720093
성북구,2019,2,17112992,20635654,6136465,7632518,5044663,5267394,5038482,8629106,5366165,5365068,5416348,5396982,5358814,5398252,5447001
성북구,2019,3,16991288,20004060,5815630,7201168,5064369,5257800,5078686,8577688,5271477,5297941,5320975,5252431,5201248,5287134,5364152
성북구,2019,4,17764857,21072159,6171118,7999003,5255018,5395490,5224172,8792230,5531687,5531229,5573894,5536783,5473516,5568655,5621259
송파구,2015,1,7047603,6376902,615103,1815494,3333566,3361407,2860702,1438254,2428851,2402611,2109191,1989380,1790592,1460449,1243425
송파구,2015,2,7727257,7072785,695010,2050452,3696202,3696917,3132406,1529069,2273668,2254686,2370742,2375083,2462239,1807196,1256421
송파구,2015,3,7860771,7450840,805530,2094109,3648195,3758575,3271771,1733467,2373780,2382652,2423981,2508082,2558864,1794888,1269393
송파구,2015,4,8546274,8216413,1008692,2320486,3943946,4067140,3541179,1881284,2650914,2683487,2634607,2607404,2661214,2064900,1460179
송파구,2016,1,5914641,5742875,567204,1531693,2738861,2885842,2518518,1415416,1826895,1769116,1851650,1927038,1948753,1397860,936214
송파구,2016,2,4491872,4545673,482984,1223473,2148553,2193592,1903596,1085338,1407503,1335176,1440307,1513896,1492129,1103502,745061
송파구,2016,3,4721026,4855277,586766,1430381,2238634,2268937,1921507,1130100,1526474,1553524,1493389,1493824,1585742,1145129,778236
송파구,2016,4,4339191,4506064,585026,1279504,2069649,2072511,1775907,1062651,1370331,1400241,1398154,1395830,1491341,1085876,703493
송파구,2017,1,6603479,6015818,805686,3128923,3033657,2284869,2056846,1309336,1678776,1731076,1926442,1941019,1859807,1831187,1651000
송파구,2017,2,6355131,5883882,706444,2993105,2899587,2213616,1982120,1444164,1678545,1704462,1742690,1738651,1804923,1822199,1747569
송파구,2017,3,7482874,7098153,943391,3502962,3324465,2638864,2379417,1791966,2018510,2046249,2114732,2138541,2171519,2103223,1988258
송파구,2017,4,6737534,6204856,768299,3101432,2980741,2316977,2151404,1623577,1770672,1827094,1780378,1838675,1955848,1986661,1783100
송파구,2018,1,6832005,6310918,835538,3280580,2965786,2298615,2118864,1643577,1841646,1872999,1906048,1830207,1907666,1952055,1832335
송파구,2018,2,7332168,6914414,807422,3508347,3289921,2469858,2325426,1845613,1933250,1991757,2008065,2028530,2132740,2185857,1966406
송파구,2018,3,7642229,7161442,891548,3785289,3345337,2524669,2359480,1897353,2003629,2093582,2108130,2126135,2221589,2214340,2036278
송파구,2018,4,7285182,6783243,780190,3421359,3193597,2430082,2327670,1915567,1942240,1955398,1969606,1978682,2102224,2135908,1984397
송파구,2019,1,19975890,22579923,6064181,6459444,7799672,6629679,6252336,9350501,6004209,6003728,6066191,6120094,6148307,6178628,6034643
송파구,2019,2,19280483,22072216,5885371,6290498,7749187,6538660,5993013,8895971,5846373,5845972,5895549,5904385,5952956,6012996,5894478
송파구,2019,3,19906340,22566357,6129898,6658832,7932759,6677744,6129566,8943904,6060311,6119067,6136255,6052179,6027234,6072531,6005134
송파구,2019,4,20355170,23054833,6305222,6649316,8187701,6909254,6307672,9050843,6148028,6160679,6190053,6199260,6236593,6299420,6175998
양천구,2015,1,5828485,6143395,919766,1460644,2514818,2960068,2739629,1376941,2132707,2085986,1849900,1750543,1543246,1376078,1233453
양천구,2015,2,5292946,5737883,826683,1277326,2332056,2781111,2593915,1219744,1698749,1659247,1715253,1711405,1803550,1421373,1021270
양천구,2015,3,4920275,5455635,775304,1184586,2069584,2649187,2533197,1164054,1617691,1615673,1607103,1652460,1684062,1285306,913661
양천구,2015,4,4424587,5041822,745398,1032198,1878312,2405050,2333173,1072262,1514199,1498981,1456207,1455693,1479498,1197994,863822
양천구,2016,1,3917174,4484278,595694,934682,1601153,2091114,2095377,1083479,1301688,1246731,1306275,1346630,1380579,1071855,747726
양천구,2016,2,3701874,4490700,622501,836329,1562972,2043075,2053096,1074567,1264322,1172643,1279423,1342081,1321382,1053447,759322
양천구,2016,3,3356741,4072257,595603,776427,1422709,1848787,1832663,952834,1188795,1195582,1154221,1136546,1198947,916668,638261
양천구,2016,4,3045473,3809031,571026,708357,1319081,1697524,1672663,885860,1061548,1064378,1068033,1057029,1133999,873874,595693
양천구,2017,1,3811228,3684459,747316,1525901,1509840,1504912,1386479,821208,971361,973639,1139590,1149410,1083781,1135135,1042819
양천구,2017,2,3739704,3593895,621285,1410665,1481613,1463071,1367558,989411,1020155,1019823,1029618,1018913,1054829,1095248,1095014
양천구,2017,3,4336068,4201346,791254,1705050,1651179,1644618,1570038,1175299,1199342,1192681,1203137,1203788,1238882,1261246,1238398
양천구,2017,4,4165178,3937681,691849,1583402,1597329,1573964,1516345,1140002,1119145,1144194,1124541,1121850,1193778,1239632,1159714
양천구,2018,1,4024972,3826213,735192,1542939,1518191,1495882,1448703,1110312,1103046,1107743,1121621,1083329,1135931,1159184,1140365
양천구,2018,2,4147395,3945042,639500,1554529,1570650,1554655,1545315,1227822,1102942,1101380,1150999,1141415,1188988,1240389,1166350
양천구,2018,3,4281474,4057241,696483,1650960,1578858,1580009,1567428,1264977,1169142,1172702,1168372,1174919,1227614,1236877,1189087
양천구,2018,4,3937652,3674067,573252,1428708,1452970,1441130,1472018,1243678,1071959,1056780,1061928,1046615,1108513,1154916,1111001
양천구,2019,1,15520441,17462809,6080671,3873590,4641416,5174989,5089214,8123365,4666906,4669947,4661115,4635370,4655090,4813911,4880903
양천구,2019,2,14623663,16615310,5823706,3564137,4442551,4962236,4823950,7622389,4447125,4405298,4421539,4417856,4413313,4521412,4612430
양천구,2019,3,14677068,16489125,5706938,3708250,4419171,4954169,4834429,7543221,4431351,4417194,4427444,4414389,4378645,4500375,4596793
양천구,2019,4,15268655,17123693,6049002,3730372,4585830,5158320,5025242,7843575,4614986,4573387,4601756,4580286,4551363,4682884,4787695
영등포구,2015,1,11092675,9379789,634680,3025806,5004845,5040878,4352344,2413897,3740968,3691026,3239097,3055593,2847250,2108889,1789630
영등포구,2015,2,11614505,9757712,692792,3128126,5167957,5274982,4619335,2489057,3349112,3332603,3486608,3494345,3660441,2399894,1649241
영등포구,2015,3,9926964,8568770,558904,2672162,4280468,4595266,4175970,2212968,2943037,2969609,2970343,3081557,3118208,2012650,1400316
영등포구,2015,4,9339178,8273835,544541,2593543,4085424,4330395,3978813,2080323,2876873,2893819,2812240,2792868,2832866,2022178,1382193
영등포구,2016,1,7886477,7024667,347747,2089675,3406768,3652587,3405080,2009286,2387104,2277530,2385194,2495011,2541282,1694004,1131069
영등포구,2016,2,8061356,7503487,453360,2192625,3508576,3761267,3496771,2152252,2442822,2340019,2495768,2625153,2611143,1807189,1242795
영등포구,2016,3,6973158,6510346,422939,1937662,3032940,3296408,2976038,1817518,2212329,2240312,2154597,2151486,2286107,1467236,971489
영등포구,2016,4,6255196,5968729,426324,1779349,2723298,2951821,2691971,1651158,1914660,1967482,1970553,1961421,2098480,1411642,899724
영등포구,2017,1,9293890,8173948,818994,4505622,3996156,3225339,2981054,1940673,2333940,2409428,2673830,2699916,2586617,2522038,2242121
영등포구,2017,2,8733872,7688323,716340,4028218,3716511,3038709,2794956,2127501,2307990,2340918,2394664,2374434,2478906,2332324,2192980
영등포구,2017,3,9482250,8459255,785303,4570771,3986906,3255649,2998104,2344814,2514227,2540636,2588550,2607243,2720133,2560602,2410141
영등포구,2017,4,9958712,8756177,713517,4508787,4200850,3463677,3309534,2518540,2571192,2655195,2585882,2631949,2840694,2823547,2606426
영등포구,2018,1,9555394,8327141,707505,4471001,3909186,3241891,3145051,2407923,2525374,2564485,2606023,2479018,2616517,2568899,2522222
영등포구,2018,2,10598957,9516727,752003,4786295,4401640,3620835,3592200,2962701,2805714,2781688,2832653,2894524,3034109,2957118,2809904
영등포구,2018,3,10138574,9141346,705227,4855040,4196885,3404012,3360695,2758098,2696220,2752403,2752422,2771470,2902115,2750228,2655040
영등포구,2018,4,9813747,8673885,580723,4492931,4054551,3254883,3307190,2797380,2607885,2571305,2613237,2604259,2746461,2728982,2615524
영등포구,2019,1,20439735,21236873,4458782,6391354,7140142,6719264,6763804,10203271,5927414,5918677,5951729,5977873,6022881,5943491,5934533
영등포구,2019,2,19309578,20210218,4246434,6063943,6919356,6409250,6353438,9527399,5633662,5652372,5678330,5645549,5718524,5580661,5610707
영등포구,2019,3,19822297,20601534,4362578,6411313,7213851,6536824,6410155,9489123,5812016,5844440,5863951,5752200,5776886,5668504,5705860
영등포구,2019,4,20172267,20824727,4426002,6444367,7359003,6673347,6546822,9547442,5855455,5851738,5825694,5821385,5913195,5881075,5848461
용산구,2015,1,6373782,4948281,254759,1972821,3102562,2791136,2084143,1116674,2019703,2027007,1792982,1708499,1553068,1217507,1003355
용산구,2015,2,5967586,4612885,248625,1881846,2874796,2634068,1952898,988259,1625467,1630413,1717632,1734352,1835026,1235273,802305
용산구,2015,3,5657317,4405825,211515,1784195,2647719,2492870,1924292,1002577,1551756,1601674,1609526,1675947,1727295,1146179,750737
용산구,2015,4,4805079,3855809,205384,1651153,2267306,2108030,1628337,800681,1362666,1402158,1367407,1362650,1419683,1055856,690493
용산구,2016,1,3951421,3145724,110527,1305048,1900906,1759596,1336507,684565,1109396,1074244,1136756,1196901,1237911,820835,521119
용산구,2016,2,3960455,3333131,154173,1444978,1925690,1775725,1316972,676062,1129851,1064958,1152099,1258701,1250889,877186,559909
용산구,2016,3,3191887,2716827,116271,1140074,1552886,1475206,1076317,547938,950060,975845,941813,953595,1027165,653439,406788
용산구,2016,4,2927262,2571797,143412,1102254,1417077,1344073,984576,507675,834094,874594,881951,880354,961954,669745,396402
용산구,2017,1,5440524,5147351,504545,3821090,2716271,1641027,1172658,732341,1322507,1375355,1533523,1575875,1602568,1724929,1453164
용산구,2017,2,5162689,5024210,450167,3671961,2571372,1573432,1143945,776021,1308817,1336329,1409111,1405702,1568098,1699456,1459408
용산구,2017,3,6784007,6717128,626369,4943285,3321587,2022708,1502102,1085053,1736422,1777074,1814252,1859072,2061375,2263472,1989502
용산구,2017,4,6600134,6515214,537398,4897701,3319707,1973358,1390314,996895,1681980,1686162,1625831,1713070,1995910,2391906,2020529
용산구,2018,1,6168981,5915544,553396,4394873,3051703,1843435,1299503,941663,1585410,1603472,1666394,1616159,1784323,2017850,1810928
용산구,2018,2,6903977,6857657,563616,5017820,3544076,2078711,1452310,1105109,1778944,1778536,1836223,1851935,2108323,2351588,2056112
용산구,2018,3,6551815,6335822,478201,4802884,3277770,1924437,1371123,1033213,1630421,1702592,1727971,1751593,1980268,2181114,1913736
용산구,2018,4,6595276,6451708,495504,4801534,3232275,1931092,1462257,1124325,1721355,1710398,1717870,1723136,1911590,2225292,2037358
용산구,2019,1,12173907,12929454,2631848,4888273,5063231,4053080,3199214,5267726,3522211,3514565,3546801,3591839,3665929,3673852,3588168
용산구,2019,2,11864112,12933316,2656662,4890875,5075327,4030018,3137907,5006634,3479902,3511653,3532777,3538553,3617731,3601345,3515463
용산구,2019,3,11605182,12525538,2553958,4764433,4966011,3939923,3080395,4825982,3418113,3425716,3452364,3425664,3483161,3491246,3434457
용산구,2019,4,12184664,13297819,2675158,5045810,5221318,4189788,3286243,5064175,3572112,3601569,3610799,3598233,3696407,3765844,3637531
은평구,2015,1,5644463,6391014,807554,1484775,2712349,2912777,2613056,1504969,2107237,2061625,1840088,1748013,1535762,1423832,1318931
은평구,2015,2,5395007,6242597,782041,1355213,2600695,2869429,2604484,1425754,1786813,1732458,1787199,1786096,1888392,1539274,1117436
은평구,2015,3,5244910,6189928,795766,1393436,2344502,2749552,2605152,1546452,1797247,1739860,1721230,1768811,1846848,1480951,1079902
은평구,2015,4,5366573,6582592,886016,1421658,2424077,2828281,2701097,1688061,1881634,1861969,1814927,1807712,1846124,1566231,1170569
은평구,2016,1,4549323,5630980,653634,1196462,2032789,2402572,2339962,1554880,1571220,1497090,1563717,1605964,1652511,1335799,954012
은평구,2016,2,3943194,5185124,655018,1049450,1779818,2129159,2086826,1428009,1405842,1263492,1371250,1504240,1461299,1223369,898817
은평구,2016,3,4237337,5456055,707131,1099050,1856571,2280275,2207725,1542649,1521986,1543851,1490815,1470022,1539172,1231149,896435
은평구,2016,4,4000078,5243636,728725,1036641,1734171,2172065,2073301,1498802,1420485,1421839,1425232,1410471,1503150,1212667,849870
은평구,2017,1,5986678,6221440,1248270,2941189,2372637,2162793,2021598,1461660,1613543,1602180,1799260,1815992,1747614,1883289,1746272
은평구,2017,2,6076842,6322835,1146762,2840161,2395347,2214217,2114480,1688691,1700480,1726555,1715615,1687025,1782368,1915169,1872518
은평구,2017,3,9263235,9932046,1828870,4347767,3583309,3386885,3257289,2791162,2728349,2657060,2710203,2719356,2624183,2875236,2880896
은평구,2017,4,7272003,7555770,1307966,3422671,2764639,2613097,2543094,2176338,2059302,2075100,2033665,2035322,2181201,2301409,2141812
은평구,2018,1,7010201,7236406,1316565,3417892,2564192,2433739,2423441,2090825,1983787,1980886,2008783,1951944,2046479,2178854,2095885
은평구,2018,2,8302096,8846905,1416050,3849876,3140215,2980667,3025120,2737129,2423543,2377932,2410922,2371200,2470364,2597180,2497889
은평구,2018,3,8129525,8495216,1381783,3959824,2989377,2788972,2892153,2612619,2335911,2344233,2304042,2293903,2438439,2504040,2404245
은평구,2018,4,7441084,7685058,1206128,3461985,2746211,2529016,2677177,2505625,2128487,2092601,2086027,2056968,2210474,2305182,2246391
은평구,2019,1,19369196,23205007,6550024,5593993,6172534,6472392,6400929,11384347,6015571,6004757,5986537,5956906,5972171,6263923,6374336
은평구,2019,2,18322180,22276825,6327802,5299569,5970280,6186726,6046668,10767964,5757337,5703078,5734371,5726140,5721131,5919049,6037904
은평구,2019,3,18270464,22020578,6281512,5365761,5913422,6124598,6008425,10597337,5675263,5670887,5699208,5706361,5661402,5898879,5979044
은평구,2019,4,18838705,22662453,6566397,5460585,6146589,6353422,6171831,10802342,5843207,5821813,5893351,5866189,5825954,6060908,6189755
종로구,2015,1,15696954,11395144,518552,4683826,6681670,6470047,5389150,3348862,5187534,5230256,4559771,4286384,3925443,2443151,1459592
종로구,2015,2,15769650,11463552,595757,4514160,6611017,6578943,5566535,3366807,4420487,4468804,4767536,4770802,4899802,2658614,1247203
종로구,2015,3,12938376,9542709,459179,3659255,5196874,5449045,4773905,2942835,3708143,3830341,3862367,3968312,4006584,2085290,1020064
종로구,2015,4,12524170,9235698,565460,3682310,4969807,5218725,4569209,2754362,3666708,3820112,3726013,3613328,3648873,2204156,1080697
종로구,2016,1,10076489,7405420,290600,2918251,4044046,4171876,3663538,2393591,2887529,2804612,2979129,3142574,3130055,1711284,826760
종로구,2016,2,9165911,7062364,352657,2692659,3771143,3864920,3365752,2181177,2674873,2638360,2790663,2898778,2815509,1618471,791626
종로구,2016,3,9491992,7792633,472172,2957304,3945717,4074192,3478747,2356497,2909080,2995149,2888360,2930287,3055758,1617105,888857
종로구,2016,4,8861083,7303403,550910,2817469,3641841,3800736,3206366,2147211,2552192,2712268,2737095,2698448,2836421,1786473,841600
종로구,2017,1,11345318,9645946,863264,7000907,4529800,3457240,2907617,2232498,2946514,3147372,3414685,3449120,3297767,2732158,2003639
종로구,2017,2,11470258,10057940,926738,6823948,4729988,3640144,2986447,2420935,3102144,3192493,3369563,3398011,3461385,2863699,2140891
종로구,2017,3,13378564,11978827,1136836,8306660,5320869,4192538,3537202,2863321,3675115,3781781,3947213,3976065,4118529,3365092,2493615
종로구,2017,4,12391262,10810809,991757,7498546,4913556,3827781,3289148,2681320,3212081,3443462,3368864,3534110,3801478,3401635,2440485
종로구,2018,1,12544646,10961340,1077010,7763788,4833853,3803398,3260458,2767495,3428852,3633447,3684833,3428981,3611446,3245504,2472959
종로구,2018,2,13173305,11614938,1095024,7696341,5110492,4060255,3644040,3182087,3548684,3657297,3692957,3782671,4003079,3468466,2635075
종로구,2018,3,12150824,10740316,982677,7451609,4641038,3652574,3288007,2875238,3176764,3434707,3431154,3531441,3707330,3202790,2406940
종로구,2018,4,11603302,10167270,927399,6842199,4364113,3451252,3244908,2940722,3090862,3140558,3187672,3204248,3437006,3262254,2447971
종로구,2019,1,16637864,16300622,2634114,6219694,5485898,5508737,5305689,7784354,4785721,4782263,4898183,5050125,5064030,4487891,3870285
종로구,2019,2,16367598,16450002,2830368,6096566,5470577,5491187,5257260,7671636,4730163,4932682,4986265,4942410,5007722,4440318,3778029
종로구,2019,3,15945840,15721547,2628257,5953824,5373403,5320606,5078655,7312643,4699525,4861808,4861904,4686877,4743247,4174265,3639768
종로구,2019,4,16538788,16407840,2785381,6215511,5474790,5469326,5302233,7699393,4766175,4915384,4894328,4983737,5017314,4538171,3831527
중구,2015,1,21595858,15862813,616247,5789260,10132276,9766693,7220159,3934008,7224355,7369024,6376338,5992911,5444920,3058734,1992437
중구,2015,2,20806976,15551657,640414,5633975,9716418,9482944,7104591,3780359,5907385,6087193,6440664,6495472,6537069,3220650,1670214
중구,2015,3,18131041,14223610,706726,5067314,8242594,8261381,6489730,3586925,5292177,5493279,5628812,5821957,5719906,2852044,1546445
중구,2015,4,18141488,13972738,774417,5047220,8037921,8162205,6565847,3526634,5461825,5712826,5534445,5400695,5384950,3006498,1612997
중구,2016,1,14109048,10458784,363809,3527895,6214140,6363775,5157528,2940665,4122243,4028323,4237163,4479950,4384549,2194470,1121142
중구,2016,2,12620932,9849073,388150,3350114,5618858,5727258,4673780,2711864,3749952,3718983,3880202,4069303,3960082,2054806,1036688
중구,2016,3,13388182,10979893,578146,3932680,5993296,6049720,4843526,2970736,4125366,4289072,4093315,4155697,4316816,2173981,1213849
중구,2016,4,12385579,10338625,616249,3782961,5536258,5555033,4472867,2760829,3640298,3879544,3890858,3872851,4025282,2262670,1152695
중구,2017,1,12725629,11627582,794898,6219621,6316183,4761927,3738330,2522271,3514155,3805862,4115546,4106925,3820639,2904280,2085866
중구,2017,2,12581560,11931804,751429,6083673,6349610,4778031,3830768,2719880,3684469,3784103,3979394,4009434,4012774,2917574,2125632
중구,2017,3,15178689,14457891,934028,7400911,7533325,5782097,4663115,3323106,4477540,4637326,4714104,4892899,4825852,3494228,2594659
중구,2017,4,13898425,13246131,813076,7057195,6794628,5128023,4288733,3062904,3939588,4273801,4130935,4313145,4512465,3476258,2498353
중구,2018,1,13326313,12452643,766347,6718021,6398906,4876025,4069181,2950477,3894872,4242485,4257845,3912956,4084186,3073670,2312934
중구,2018,2,14224026,13556118,835972,7081940,6822192,5177646,4450238,3412190,4189838,4298192,4263716,4493725,4627145,3388223,2519321
중구,2018,3,13679613,12885970,763218,6942945,6522151,4951261,4171767,3214254,3987264,4271591,4013065,4249835,4461237,3220536,2362097
중구,2018,4,12431991,11638240,643971,5983285,5847113,4474602,3980425,3140824,3682408,3724929,3774247,3835788,3897109,2934846,2220903
중구,2019,1,18415701,18703401,2590609,6492677,7565792,6721581,5887002,7861447,5566341,5536016,5692727,5912244,5850548,4610059,3951152
중구,2019,2,18360800,19003931,2680213,6515277,7690549,6770560,5903670,7804473,5558644,5865997,5849587,5803292,5845063,4574319,3867835
중구,2019,3,18325805,18729553,2596268,6548009,7745393,6767942,5757178,7640577,5707921,5933101,5866134,5601121,5627171,4427765,3892155
중구,2019,4,18921620,19460250,2730584,6660940,7915073,6983490,6093370,7998401,5861393,6035013,5837957,5876552,6025393,4713999,4031544
중랑구,2015,1,6127142,6250738,611915,1685592,2631436,2900214,2989285,1559470,2155514,2117720,1874781,1785843,1582893,1494958,1366189
중랑구,2015,2,5917713,6112196,606912,1594440,2527569,2832221,2977468,1491303,1834409,1774840,1834636,1833853,1942738,1630424,1179048
중랑구,2015,3,5267755,5456653,494456,1323842,2131342,2556131,2815675,1402979,1663712,1638903,1626634,1677984,1722758,1393233,1001175
중랑구,2015,4,4935443,5281485,500495,1260049,1989371,2428999,2697923,1340095,1611748,1592847,1545392,1546220,1578865,1362465,979426
중랑구,2016,1,4334160,4609252,341143,1047985,1725368,2073934,2410839,1344159,1372548,1308936,1372464,1407966,1444355,1194334,842795
중랑구,2016,2,3711050,4245590,319414,899893,1522827,1853048,2175072,1186390,1226382,1114623,1226672,1303793,1266532,1056122,762538
중랑구,2016,3,3549808,4047455,321933,881279,1468005,1758742,2009758,1157548,1208766,1201525,1161675,1146968,1209105,983569,685720
중랑구,2016,4,2990361,3580733,313941,760266,1250317,1510865,1732492,1003230,1011423,1001573,1002927,998343,1067606,888315,600947
중랑구,2017,1,4544094,4424228,651605,1932442,1805034,1658340,1785309,1135639,1163496,1155575,1332583,1334767,1290415,1383223,1308265
중랑구,2017,2,4450525,4375655,593049,1827970,1693045,1610761,1788451,1312941,1209973,1211014,1227214,1238279,1256603,1327328,1355773
중랑구,2017,3,5846294,5803604,802063,2415276,2194043,2081242,2352870,1804372,1650577,1650637,1626585,1688471,1616733,1675538,1741384
중랑구,2017,4,4497849,4364711,538149,1856672,1707203,1600206,1775073,1385248,1216912,1230696,1217642,1205348,1270758,1381129,1340066
중랑구,2018,1,4798573,4646899,620339,1955360,1788073,1664038,1921894,1495783,1324537,1310710,1328039,1292268,1343410,1398098,1448425
중랑구,2018,2,4924998,4791387,538099,1991198,1844286,1677404,2017735,1647662,1355735,1325407,1340374,1332017,1374742,1485694,1502414
중랑구,2018,3,4833537,4621748,537746,2017429,1773601,1596082,1928865,1601584,1333711,1310940,1306352,1308784,1359179,1414943,1421401
중랑구,2018,4,4596448,4442090,475578,1834316,1701542,1511227,1889664,1626244,1266637,1243601,1240463,1226221,1285964,1382473,1393197
중랑구,2019,1,16971880,19414195,5386167,4724480,5337207,5257815,6037734,9642689,5150817,5151624,5126682,5107438,5097753,5311837,5439920
중랑구,2019,2,16172245,18787282,5098693,4522667,5173805,5111115,5807523,9245726,4975106,4906548,4925225,4933708,4916378,5081056,5221521
중랑구,2019,3,16276126,18690453,5071384,4620591,5202167,5067990,5820153,9184287,4958698,4940874,4950259,4953478,4897585,5069669,5196016
중랑구,2019,4,16816751,19237567,5219560,4704321,5381348,5285572,6034257,9429259,5127722,5090683,5118669,5095962,5032991,5211295,5376986
